/*
Navicat MySQL Data Transfer

Source Server         : myql8.0
Source Server Version : 80033
Source Host           : localhost:3307
Source Database       : crowdfunding_db

Target Server Type    : MYSQL
Target Server Version : 80033
File Encoding         : 65001

Date: 2024-10-14 11:32:34
*/

SET FOREIGN_KEY_CHECKS=0;



-- ----------------------------
-- Table structure for category
-- ----------------------------

CREATE TABLE `category` (
  `CATEGORY_ID` int NOT NULL AUTO_INCREMENT,
  `NAME` varchar(100) CHARACTER SET utf8mb4 COLLATE utf8mb4_general_ci NOT NULL,
  PRIMARY KEY (`CATEGORY_ID`) USING BTREE
) ENGINE=InnoDB AUTO_INCREMENT=10 DEFAULT CHARSET=utf8mb4 COLLATE=utf8mb4_general_ci ROW_FORMAT=DYNAMIC;

-- ----------------------------
-- Records of category
-- ----------------------------
INSERT INTO `category` VALUES ('1', 'Medical');
INSERT INTO `category` VALUES ('2', 'Education');
INSERT INTO `category` VALUES ('7', 'Crisis Relief');
INSERT INTO `category` VALUES ('8', 'Animal');
INSERT INTO `category` VALUES ('9', 'Social Impact');

-- ----------------------------
-- Table structure for fundraiser
-- ----------------------------

CREATE TABLE `fundraiser` (
  `FUNDRAISER_ID` int NOT NULL AUTO_INCREMENT,
  `ORGANIZER` varchar(100) CHARACTER SET utf8mb4 COLLATE utf8mb4_general_ci NOT NULL,
  `CAPTION` varchar(255) CHARACTER SET utf8mb4 COLLATE utf8mb4_general_ci DEFAULT NULL,
  `TARGET_FUNDING` decimal(10,2) DEFAULT NULL,
  `CURRENT_FUNDING` decimal(10,2) DEFAULT NULL,
  `CITY` varchar(100) CHARACTER SET utf8mb4 COLLATE utf8mb4_general_ci DEFAULT NULL,
  `ACTIVE` tinyint(1) DEFAULT '1',
  `CATEGORY_ID` int DEFAULT NULL,
  PRIMARY KEY (`FUNDRAISER_ID`) USING BTREE,
  KEY `CATEGORY_ID` (`CATEGORY_ID`) USING BTREE,
  CONSTRAINT `fundraiser_ibfk_1` FOREIGN KEY (`CATEGORY_ID`) REFERENCES `category` (`CATEGORY_ID`) ON DELETE RESTRICT ON UPDATE RESTRICT
) ENGINE=InnoDB AUTO_INCREMENT=19 DEFAULT CHARSET=utf8mb4 COLLATE=utf8mb4_general_ci ROW_FORMAT=DYNAMIC;

-- ----------------------------
-- Records of fundraiser
-- ----------------------------
INSERT INTO `fundraiser` VALUES ('1', 'Laura Green', 'Aid for Earthquake Victims', '20000.00', '15000.00', 'San Francisco', '1', '7');
INSERT INTO `fundraiser` VALUES ('2', 'Michael Lee', 'Animal Rescue Fund', '7000.00', '4000.00', 'Denver', '1', '8');
INSERT INTO `fundraiser` VALUES ('3', 'Nina Patel', 'Building Community Gardens', '3000.00', '2500.00', 'Phoenix', '1', '9');
INSERT INTO `fundraiser` VALUES ('4', 'Oscar Wilde', 'Support for Homeless Families', '10000.00', '6000.00', 'Atlanta', '1', '9');
INSERT INTO `fundraiser` VALUES ('5', 'Penny Lane', 'Water Purification Project', '8000.00', '5000.00', 'Portland', '1', '7');
INSERT INTO `fundraiser` VALUES ('6', 'Jackson', 'Help The Jackson\'s Rebuild After Flood', '100000.00', '7350.00', ' Byron Bay', '1', '7');
INSERT INTO `fundraiser` VALUES ('7', 'Aya Hodroj', ' Support for Homeless Animals', '20000.00', '4657.00', 'Lebanon', '1', '8');
INSERT INTO `fundraiser` VALUES ('8', 'Jackson', 'test the same name\'s test', '1000.00', '735.00', ' Byron Bay', '1', '8');
INSERT INTO `fundraiser` VALUES ('9', 'Test the same city', 'Test the same city', '2222.00', '1111.00', 'Denver', '1', '8');
INSERT INTO `fundraiser` VALUES ('10', 'test_post2', 'test_post，no active', '11111.00', '222.00', 'test', '1', '1');
INSERT INTO `fundraiser` VALUES ('14', 'test_post1', 'test_post，no active', '11111.00', '222.00', 'test_post', '0', '2');
INSERT INTO `fundraiser` VALUES ('16', 'wwww', 'testadd', '12345.00', '123.00', 'wqwqwq', '0', '1');
INSERT INTO `fundraiser` VALUES ('17', 'rrrr', 'test111', '123453.00', '232332.00', 'werq', '0', '1');
INSERT INTO `fundraiser` VALUES ('18', 'inactive', 'inactive', '333.00', '0.00', 'inactive', '0', '1');


-- ----------------------------
-- Table structure for donation
-- ----------------------------

CREATE TABLE `donation` (
  `DONATION_ID` int NOT NULL AUTO_INCREMENT,
  `DATE` datetime DEFAULT NULL,
  `AMOUNT` decimal(10,2) DEFAULT NULL,
  `GIVER` varchar(255) CHARACTER SET utf8mb4 COLLATE utf8mb4_general_ci DEFAULT NULL,
  `FUNDRAISER_ID` int NOT NULL,
  PRIMARY KEY (`DONATION_ID`) USING BTREE,
  KEY `FUNDRAISER_ID` (`FUNDRAISER_ID`) USING BTREE,
  CONSTRAINT `donation_ibfk_1` FOREIGN KEY (`FUNDRAISER_ID`) REFERENCES `fundraiser` (`FUNDRAISER_ID`) ON DELETE RESTRICT ON UPDATE RESTRICT
) ENGINE=InnoDB AUTO_INCREMENT=21 DEFAULT CHARSET=utf8mb3 ROW_FORMAT=DYNAMIC;

-- ----------------------------
-- Records of donation
-- ----------------------------
INSERT INTO `donation` VALUES ('1', '2024-10-08 15:16:14', '2000.00', 'AA', '1');
INSERT INTO `donation` VALUES ('2', '2024-10-08 15:20:42', '1000.00', 'BB', '2');
INSERT INTO `donation` VALUES ('3', '2024-10-08 15:21:34', '1000.00', 'BB', '2');
INSERT INTO `donation` VALUES ('4', '2024-10-08 15:21:34', '1000.00', 'cc', '3');
INSERT INTO `donation` VALUES ('5', '2024-10-08 15:21:34', '1000.00', 'DD', '3');
INSERT INTO `donation` VALUES ('6', '2024-10-08 15:21:34', '1000.00', 'EE', '4');
INSERT INTO `donation` VALUES ('7', '2024-10-08 15:21:34', '1000.00', 'FF', '5');
INSERT INTO `donation` VALUES ('8', '2024-10-08 15:21:34', '1000.00', 'gg', '6');
INSERT INTO `donation` VALUES ('9', '2024-10-08 15:21:34', '1000.00', 'HH', '8');
INSERT INTO `donation` VALUES ('10', '2024-10-08 15:21:34', '1000.00', 'II', '9');
INSERT INTO `donation` VALUES ('11', '2024-10-08 15:21:34', '1000.00', 'jj', '10');
INSERT INTO `donation` VALUES ('12', '2024-10-08 00:00:00', '100.00', 'test_post', '2');
INSERT INTO `donation` VALUES ('13', '2024-10-08 00:00:00', '100.00', 'test_post', '2');
INSERT INTO `donation` VALUES ('15', '2024-10-13 08:17:53', '10.00', 'test', '1');
INSERT INTO `donation` VALUES ('16', '2024-10-10 10:10:42', '22.00', 'test', '3');
INSERT INTO `donation` VALUES ('17', '2024-10-13 10:12:44', '123.00', 'test22', '3');
INSERT INTO `donation` VALUES ('18', '2024-10-13 10:43:30', '345.00', 'test_donate', '3');
INSERT INTO `donation` VALUES ('20', '2024-10-13 02:53:42', '1234.00', 'testmsg', '3');

